{
  "meta": {
    "time": "2020-04-21T11:37:07.165Z"
  },
  "data": {
    "jsonClass": "MemberMessage",
    "accountId": "AWDdD_J_CgpY-bw2S2Sy",
    "memberId": "AWGFuzP7Ly92DwXg4ae1",
    "eventRefType": "MemberNotificationType",
    "eventReferenceId": "N0WG3HIBMuFywk4C_oR_",
    "messageType": "Notification",
    "subject": "メッセージエントリの例",
    "body": "協あをト図椅せ態料ルづ記看ルざぎス開聞替都と長駅報クアセ互望スろ岡決イ注質もーは全覧づたく法棋ス派5術ナ校乞伍げ。上ぼらぱそ絶他へろふこ込入72元アオフミ備面フ出雪ナリ奥調ホシモケ院国詐で告熱リち公条ツエヲス歌当オヒヤ最舎賛スこぼ。案スけを自割オ投供型タテ面71住げ社天ざぶト越90報",
    "status": "New",
    "created": "2020-06-22T14:58:02.165+0000",
    "metadata": [],
    "id": "F0WJ3HIBMuFywk4CQZY1"
  }
}